<?xml version="1.0" encoding="utf-8"?>
<extension version="2.5" type="plugin" group="system" method="upgrade">
	<name>System - JA Comment</name>
	<author>JoomlArt.com</author>
	<creationDate>April 2016</creationDate>
    <copyright>Copyright (C), J.O.O.M Solutions Co., Ltd. All Rights Reserved.</copyright>
	<license>license GNU/GPLv3 http://www.gnu.org/licenses/gpl-3.0.html</license>
	<authorEmail>webmaster@joomlart.com</authorEmail>
	<authorUrl>www.joomlart.com</authorUrl>
	<version>2.5.5_j4fix</version>
	<description>
	<![CDATA[
		<h1>JA Comment System Plugin for Joomla! 2.5</h1>
		<div style='font-weight: normal'>
		<p><span style='color: #ff6600;'><strong>Features:</strong></span>
		Allow users to display comment count and links.</p>
		
		<strong><span style='color: #ff0000;'>Usage Instruction:</span></strong><br />
		<ul>
		<li>Enable JA Comment System Plugin in Plugin Manager</li>
		</ul>
		<strong><span style='color: #ff0000;'>Upgrade Method:</span><br /></strong>
		<ul>
		  <li>You can install new version directly over this version. Uninstallation is not required. </li>
		  </ul>
	
		<span style='color: #008000;'><strong>Links:</strong></span><br />
		<ul>
		<li><a target="_blank" href="https://www.joomlart.com/documentation/joomla-component/ja-comment">Document</a></li>
		 <li><a target='_blank' href='http://update.joomlart.com/'>Updates &amp; Versions</a></li>
		 <li><a target='_blank' href='https://www.joomlart.com/forums/forum/joomla-extensions-discussion/ja-comment-component/'>JA Comment Forum</a></li>
		</ul>
		<p>Copyright 2004 - 2012 <a href='http://www.joomlart.com/' title='Visit Joomlart.com!'>JoomlArt.com</a>.</p>
		</div>
		]]>
		</description>
	<files>
		<filename plugin="system_jacomment">system_jacomment.php</filename>
		<filename plugin="system_jacomment">index.html</filename>		
	</files>
	<languages>
		<language tag="en-GB">en-GB.plg_system_system_jacomment.ini</language>
	</languages>
	<config>
		<fields name="params">
			<fieldset name="basic">
				<field 
					name="display_comment_link" 
					type="radio" 
					default="1" 
					label="DISPLAY_COMMENT_LINK"
					description="DISPLAY_COMMENT_LINK_DESC">						
						<option value="0">No</option>
						<option value="1">Yes</option>						
				</field>
				<field 
					name="display_comment_count" 
					type="radio" 
					default="1" 
					label="DISPLAY_COMMENT_COUNT"
					description="DISPLAY_COMMENT_COUNT_DESC">						
						<option value="0">No</option>
						<option value="1">Yes</option>						
				</field>
			</fieldset>
		</fields>
	</config>		
</extension>