<?xml version="1.0" encoding="utf-8"?>
<extension version="2.5" type="plugin" group="editors-xtd" method="upgrade">
	<name>Editor Button - JAComment ON</name>
	<creationDate>Aug 2014</creationDate>
	<author>JoomlArt.com</author>
	<copyright>Copyright (C), J.O.O.M Solutions Co., Ltd. All Rights Reserved.</copyright>
	<license>license GNU/GPLv3 http://www.gnu.org/licenses/gpl-3.0.html</license>
	<authorEmail>webmaster@joomlart.com</authorEmail>	
	<authorUrl>www.joomlart.com</authorUrl>	
	<version>2.5.2</version>	
	<updateservers>
	    <server type="collection">http://update.joomlart.com/service/tracking/list.xml</server>
	</updateservers>
	<description>
	<![CDATA[
	
		<h1>JA Comment ON Plugin for Joomla 2.5</h1>
		<div style='font-weight: normal'>
		<p><span style='color: #ff6600;'><strong>Features:</strong></span>
		This plugin helps to turn ON JA comment for specific articles. 
		User can place the specific tag to the bottom of the article to turn on the JA comment component action</p>
		
		<strong><span style='color: #ff0000;'>Usage Instruction:</span></strong><br />
		<ul>
		<li>Enable the plugin in Plugin Manager</li>
		<li>Click the JA Comment ON button in the editor to insert the code</li>
		<li>Or manually Insert the {jacomment on} tag into an article.</li>
		</ul>
		<strong><span style='color: #ff0000;'>Upgrade Method:</span><br /></strong>
		<ul>
		  <li>You can install new version directly over this version. Uninstallation is not required. </li>
		  </ul>
		<span style='color: #008000;'><strong>Links:</strong></span><br />
		<ul>
		<li><a target="_blank" href="http://wiki.joomlart.com/wiki/JA_Comment/How-to#How_to_enable.2Fdisable_JA_Comment_for_specific_content_items">General Userguide on Wiki</a></li>
		 <li><a target='_blank' href='http://update.joomlart.com/'>Updates &amp; Versions</a></li>
		 <li><a target='_blank' href='http://www.joomlart.com/forums/forumdisplay.php?194'>JA Comment Component Forum</a></li>
		</ul>
		<br />
		<p>Copyright 2004 - 2012 <a href='http://www.joomlart.com/' title='Visit Joomlart.com!'>JoomlArt.com</a>.</p>
		</div>
		]]>
		</description>
	<files>
		<filename plugin="jacommenton">jacommenton.php</filename>
		<filename plugin="jacommenton">jacommenton.js</filename>
		<filename plugin="jacommenton">index.html</filename>
	</files>
</extension>
