<?xml version="1.0" encoding="utf-8" ?>
<extension type="module" version="2.5" client="site" method="upgrade">
	<name>JA Latest Comments</name>
	<author>Joom Solutions</author>
	<creationDate>April 2016</creationDate>
	<copyright>Copyright (C), J.O.O.M Solutions Co., Ltd. All Rights
		Reserved.</copyright>
	<license>license GNU/GPLv3 http://www.gnu.org/licenses/gpl-3.0.html
	</license>
	<authorEmail>webmaster@joomlart.com</authorEmail>
	<authorUrl>http://www.joomlart.com</authorUrl>
	<version>2.5.5</version>
	<description>
		<![CDATA[
		<h1>JA Latest Comment Module</h1>
		<div style='font-weight:normal'>
		<p><span style='color: #ff6600;'><strong>Features:</strong></span></p>
		<p>Show latest or popular comments which are submitted by users using JA comment component.</p>
		<p><strong><span style='color: #ff0000;'>Usage Instruction:</span><br /></strong></p>
		<ol><li>Make sure JA comment component is installed and active</li>
		<li>Configure the module settings and set to display on the desired position.</li></ol>
		<p><strong><span style='color: #ff0000;'>Upgrade Method:</span><br /></strong></p>
		<p>
			<ol><li>You can install new version directly over this version. Uninstallation is not required. </li>
			<li>Backup any customized files before upgrading.</li></ol>
		</p>
		<p><span style='color: #008000;'><strong>Links:</strong></span></p>
		<ul><li><a target='_blank' href='http://update.joomlart.com/'>Updates &amp; Versions</a></li></ul>
		<p>Copyright 2004 - 2012 <a href='http://www.joomlart.com/' title='Visit Joomlart.com!'>JoomlArt.com</a>.</p>
		</div>
		]]>
	</description>

	<languages>
		<language tag="en-GB">en-GB.mod_jaclatest_comments.ini</language>
	</languages>

	<files>
		<filename module="mod_jaclatest_comments">mod_jaclatest_comments.php</filename>
		<filename module="mod_jaclatest_comments">helper.php</filename>
		<filename module="mod_jaclatest_comments">index.html</filename>
		<filename module="mod_jaclatest_comments">tmpl/index.html</filename>
		<filename module="mod_jaclatest_comments">tmpl/default.php</filename>
		<folder module="mod_jaclatest_comments">elements</folder>
		<folder module="mod_jaclatest_comments">assets</folder>
		<folder module="mod_jaclatest_comments">adapters</folder>
	</files>
	<config>
		<fields name="params" addfieldpath="/modules/mod_jaclatest_comments/elements">
			<fieldset name="basic">
				<field name="moduleclass_sfx" type="text" default=""
					label="Module Class Suffix"
					description="A suffix to be applied to the css class of the module (table.moduletable), this allows individual module styling" />
				<field name="group" type="jadepend" function="@group">
					
					<option for="showcontent" value="1" hideRow="true">length
					</option>
					<option for="show_content_title" value="1" hideRow="true">limit_content_title
					</option>
				</field>
				
				<field name="group1" type="jadepend" function="@group">
					<option for="avatar" value="1" hideRow="true">
						avatar_size
						</option>
				</field>

				<field name="sort_type" type="list" default="1" label="MODULE_MODE"
					description="MODULE_MODE_DESC">
					<option value="1">SHOW_LATEST_COMMENTS</option>
					<option value="2">SHOW_POPULAR_COMMENTS</option>
				</field>

				<field name="source_config" type="jadepend" default=""
					level="2" function="@title" label="SOURCE_SETTING" />
				<field name="type" type="jacomponent" default="" multiple="true"
					label="SELECT_SOURCE" description="SELECT_SOURCE_DESC" />

				<field name="type-com_content-content_category" type="category"
					extension="com_content" default="" label="SELECT_CATEGORIES"
					multiple="true" size="10" description="SELECT_CATEGORIES_DESC">
					<option value="">JOPTION_ALL_CATEGORIES</option>
				</field>
				<field name="type-com_content-k2_category" type="jacategory" 
					component="k2" default="" label="SELECT_CATEGORIES_K2" 
					description="SELECT_CATEGORIES_K2_DESC" />
				<field name="type-com_content-eb_category" type="jacategory" 
					component="easyblog" default="" label="SELECT_CATEGORIES_EASYBLOG" 
					description="SELECT_CATEGORIES_EASYBLOG_DESC" />
				<field name="type-com_content-jb_category" type="jacategory" 
					component="joomblog" default="" label="SELECT_BLOGS_JOOMBLOG" 
					description="SELECT_BLOGS_JOOMBLOG_DESC" />

				<field name="general_config" type="jadepend" default=""
					level="2" function="@title" label="GENERAL_SETTING" />
				<field name="count" type="text" default="5" label="COUNT"
					description="THE_NUMBER_OF_ITEMS" class="validate-numeric" />
				<field name="showcommentcount" type="radio" default="0"
					label="SHOW_COMMENTS_COUNT" description="SHOW_COMMENTS_COUNT_DESC">
					<option value="0">JNO</option>
					<option value="1">JYES</option>
				</field>
				<field name="show_author_info" type="list" default="1"
					label="SHOW_AUTHOR_INFO" description="SHOW_AUTHOR_INFO_DESC">
					<option value="0">NOT_SHOW</option>
					<option value="1">SHOW_REAL_NAME</option>
					<option value="2">SHOW_USERNAME</option>
					<option value="3">SHOW_EMAIL</option>
				</field>
				<field name="avatar" type="radio" default="1" label="SHOW_AVATAR"
					description="SHOW_AVATAR_DESC">
					<option value="0">JNO</option>
					<option value="1">JYES</option>
				</field>
				<field name="avatar_size" type="text" default="32" label="AVATAR_SIZE"
					description="AVATAR_SIZE_DESC" class="validate-numeric" />
				<field name="show_vote" type="radio" default="0"
					label="SHOW_COMMENT_VOTE" description="SHOW_COMMENT_VOTE_DESC">
					<option value="0">JNO</option>
					<option value="1">JYES</option>
				</field>
				<field name="showsmiles" type="radio" default="1" label="SHOW_SMILES"
					description="SHOW_SMILES_DESC">
					<option value="0">JNO</option>
					<option value="1">JYES</option>
				</field>
				<field name="showbbcode" type="radio" default="1" label="SHOW_BBCODE"
					description="SHOW_BBCODE_DESC">
					<option value="0">JNO</option>
					<option value="1">JYES</option>
				</field>
				<field name="show_date" type="list" default="0"
					label="SHOW_COMMENT_DATE" description="SHOW_COMMENT_DATE_DESC">
					<option value="0">JNO</option>
					<option value="1">NOMAL_DATE</option>
					<option value="2">USE_TIME_SPAM</option>
				</field>

				<field name="filteringspacer2" type="spacer" hr="true" />
				<field name="showcontent" type="radio" default="1"
					label="SHOW_CONTENT_OF_COMMENTS" description="SHOW_CONTENT_OF_COMMENTS_DESC">
					<option value="0">JNO</option>
					<option value="1">JYES</option>
				</field>
				<field name="length" type="text" size="20" default="50"
					label="Max characters of content" description="The number of characters to display" class="validate-numeric" />

				<field name="filteringspacer3" type="spacer" hr="true" />
				<field name="show_content_title" type="radio" default="1"
					label="Show content title" description="Show title of content">
					<option value="0">JNO</option>
					<option value="1">JYES</option>
				</field>
				<field name="limit_content_title" type="text" size="20"
					default="20" label="Limit chars for content title" class="validate-numeric" description="Limit chars for content title" />
			</fieldset>
			<fieldset name="advanced">
				<field name="cache" type="list" default="1" label="Caching"
					description="Select whether to cache the content of this module">
					<option value="0">JNO</option>
					<option value="1">JYES</option>
				</field>
				<field name="cache_time" type="text" class="validate-numeric" default="900" label="Cache Time"
					description="The time before the module is recached" />
				<field name="filteringspacer1" type="spacer" hr="true" />
				
			</fieldset>
		</fields>
	</config>
</extension>